# event No.,GOES start,end,peak,AR location,X-ray class,event loc. (EW),event loc. (NS),SOT,XRT,EIS,RHESSI,NoRH
109120,2014/08/01 00:12,2014/08/01 00:32,2014/08/01 00:18,S17E60,C8.6,-795,-324,0,0,0,no,
109130,2014/08/01 10:38,2014/08/01 11:57,2014/08/01 11:43,S09E37,C4.8,-561,-147,0,144,0,no,
109140,2014/08/01 14:43,2014/08/01 14:57,2014/08/01 14:48,S09E35,M2.0,-535,-147,0,20,0,no,
109150,2014/08/01 17:55,2014/08/01 18:48,2014/08/01 18:13,S10E11,M1.5,-185,-257,136,108,2,no,
109160,2014/08/02 00:00,2014/08/02 00:09,2014/08/02 00:05,S11E32,C2.6,-503,-223,0,64,0,no,
109170,2014/08/02 10:43,2014/08/02 10:57,2014/08/02 10:47,S19E44,C1.6,-598,-398,0,0,0,no,
109180,2014/08/02 13:00,2014/08/02 13:06,2014/08/02 13:03,S18E40,C1.6,-557,-380,0,21,0,no,
109190,2014/08/02 13:12,2014/08/02 13:38,2014/08/02 13:28,S18E40,C2.7,-596,-366,0,81,0,no,
109200,2014/08/03 01:40,2014/08/03 01:53,2014/08/03 01:46,N09E69,C2.3,-871,147,0,16,0,no,
109210,2014/08/03 02:35,2014/08/03 02:47,2014/08/03 02:39,N09E71,C1.3,-884,151,0,24,0,no,
109220,2014/08/03 03:03,2014/08/03 03:27,2014/08/03 03:12,S21E43,C2.5,-627,-387,0,9,0,no,
109230,2014/08/03 06:13,2014/08/03 06:23,2014/08/03 06:16,S19E33,C1.1,-492,-404,0,0,0,no,
109240,2014/08/03 12:14,2014/08/03 12:23,2014/08/03 12:19,S07W88,C1.0,945,-128,0,0,0,no,
109250,2014/08/03 17:59,2014/08/03 18:36,2014/08/03 18:08,S05E14,C1.2,-233,-192,0,18,0,no,
109260,2014/08/03 19:23,2014/08/03 19:55,2014/08/03 19:39,S24E25,C1.1,-372,-467,0,0,0,no,
109270,2014/08/04 00:46,2014/08/04 01:01,2014/08/04 00:53,S06W89,C3.4,945,-106,0,0,0,no,
109280,2014/08/04 02:44,2014/08/04 02:59,2014/08/04 02:53,N10E58,C2.1,-784,120,0,0,0,no,
109290,2014/08/04 17:14,2014/08/04 17:31,2014/08/04 17:21,S05W12,C1.2,205,-189,0,0,0,no,
109300,2014/08/04 21:45,2014/08/04 22:14,2014/08/04 22:02,S19E19,C1.0,-299,-405,0,0,0,no,
109310,2014/08/04 22:54,2014/08/04 23:02,2014/08/04 22:58,S19E06,B9.8,-99,-415,0,0,0,no,
109320,2014/08/05 11:25,2014/08/05 11:34,2014/08/05 11:30,S18E01,C1.7,7,-409,0,0,0,no,
109330,2014/08/05 14:12,2014/08/05 14:23,2014/08/05 14:18,S19W01,C2.2,25,-402,0,0,0,no,
109340,2014/08/05 15:38,2014/08/05 16:16,2014/08/05 15:40,N14E52,C1.1,-730,135,0,0,0,no,
109350,2014/08/05 20:22,2014/08/05 20:31,2014/08/05 20:27,S18W01,C2.5,26,-393,2,0,0,no,
109360,2014/08/06 03:30,2014/08/06 03:50,2014/08/06 03:39,S17W07,C1.7,105,-409,16,0,4,no,
109370,2014/08/07 03:05,2014/08/07 03:17,2014/08/07 03:09,S18W19,B7.7,306,-395,14,0,2,no,
109380,2014/08/07 05:49,2014/08/07 05:54,2014/08/07 05:52,S09W44,C1.1,641,-226,0,0,0,no,
109390,2014/08/07 16:57,2014/08/07 17:49,2014/08/07 17:28,N11E54,C1.4,-753,135,0,0,0,no,
109400,2014/08/07 22:23,2014/08/07 23:23,2014/08/07 22:56,S20W28,C2.2,429,-419,67,152,11,no,
109410,2014/08/08 11:27,2014/08/08 11:35,2014/08/08 11:33,N13E48,C1.8,-692,117,0,0,0,no,
109420,2014/08/08 12:51,2014/08/08 13:13,2014/08/08 12:58,S25W33,C1.2,495,-449,0,0,0,no,
109430,2014/08/08 13:59,2014/08/08 14:18,2014/08/08 14:10,S19W37,C1.0,567,-353,0,0,0,no,
109440,2014/08/08 16:57,2014/08/08 17:03,2014/08/08 17:01,N13E44,C4.5,-650,119,0,0,0,no,
109450,2014/08/09 02:40,2014/08/09 02:50,2014/08/09 02:44,N12E38,B8.8,-573,107,0,0,0,no,
109460,2014/08/09 03:23,2014/08/09 03:30,2014/08/09 03:26,N12E38,B8.3,-555,99,0,0,0,no,
109470,2014/08/09 07:47,2014/08/09 07:52,2014/08/09 07:50,N12E35,B6.8,-534,115,0,0,0,no,
109480,2014/08/09 08:26,2014/08/09 08:32,2014/08/09 08:30,N13E35,B7.2,-525,104,0,0,0,no,
109490,2014/08/09 08:57,2014/08/09 09:03,2014/08/09 09:01,N12E34,C2.7,-526,111,0,0,0,no,
109500,2014/08/10 03:04,2014/08/10 03:13,2014/08/10 03:07,S21W09,B7.3,134,-443,0,18,0,no,
109510,2014/08/10 10:04,2014/08/10 10:10,2014/08/10 10:07,S20W11,B8.9,197,-442,0,15,1,no,
109520,2014/08/10 21:29,2014/08/10 21:36,2014/08/10 21:34,S18W20,C1.6,323,-381,0,16,0,no,
109530,2014/08/11 01:10,2014/08/11 01:17,2014/08/11 01:14,S19W71,B6.4,848,-345,0,8,0,no,
109540,2014/08/11 02:15,2014/08/11 03:47,2014/08/11 03:14,N12E88,B7.8,-957,221,0,137,0,no,
109550,2014/08/11 04:13,2014/08/11 04:19,2014/08/11 04:16,N11E87,B6.1,-926,184,0,16,0,no,
109560,2014/08/11 06:21,2014/08/11 06:27,2014/08/11 06:24,S17W24,B5.1,381,-383,0,0,0,no,
109570,2014/08/11 08:59,2014/08/11 09:15,2014/08/11 09:09,S23W73,C1.3,833,-369,0,76,0,no,
109580,2014/08/12 00:49,2014/08/12 00:55,2014/08/12 00:53,S19W87,B5.3,895,-315,0,14,0,no,
109590,2014/08/12 04:04,2014/08/12 04:10,2014/08/12 04:07,S19W87,B5.2,890,-323,0,16,0,no,
109600,2014/08/12 04:15,2014/08/12 04:25,2014/08/12 04:21,S19W87,B7.9,893,-324,0,24,0,no,
109610,2014/08/12 04:52,2014/08/12 04:58,2014/08/12 04:56,S18W87,B4.7,906,-304,0,11,0,no,
109620,2014/08/12 06:15,2014/08/12 06:31,2014/08/12 06:18,N15E69,B4.7,-869,148,0,38,0,no,
109630,2014/08/12 06:38,2014/08/12 06:47,2014/08/12 06:41,N15E69,B4.5,-864,164,0,0,0,no,
109640,2014/08/12 06:53,2014/08/12 07:18,2014/08/12 06:55,N11W42,B4.9,641,139,0,15,0,no,
109650,2014/08/12 20:13,2014/08/12 20:24,2014/08/12 20:19,N12W49,B6.9,708,130,0,0,0,no,
109660,2014/08/13 00:30,2014/08/13 00:55,2014/08/13 00:36,S20W48,B6.4,666,-394,0,32,0,no,
109670,2014/08/13 11:08,2014/08/13 11:26,2014/08/13 11:17,N11E53,B7.4,-752,127,0,0,0,no,
109680,2014/08/14 02:29,2014/08/14 02:36,2014/08/14 02:33,N15E74,B4.0,-888,227,0,0,0,no,
109690,2014/08/14 03:53,2014/08/14 04:12,2014/08/14 04:00,S20W63,B6.1,807,-378,0,39,0,no,
109700,2014/08/14 04:18,2014/08/14 04:44,2014/08/14 04:20,N13E45,B6.3,-645,139,0,0,0,3-6,
109710,2014/08/14 12:39,2014/08/14 13:06,2014/08/14 12:49,N15E39,B4.8,-587,169,0,0,0,3-6,
109720,2014/08/14 16:08,2014/08/14 16:28,2014/08/14 16:19,N15E37,B5.2,-557,168,0,0,0,no,
109730,2014/08/14 17:26,2014/08/14 18:14,2014/08/14 17:45,S22W70,B5.4,827,-390,0,31,0,no,
109740,2014/08/14 19:13,2014/08/14 19:31,2014/08/14 19:23,N15E66,B7.4,-839,213,0,0,0,3-6,
109750,2014/08/14 20:25,2014/08/14 20:55,2014/08/14 20:33,N15E65,B8.8,-831,214,0,0,0,3-6,
109760,2014/08/14 22:54,2014/08/14 23:11,2014/08/14 22:59,N16E64,B7.1,-822,215,0,0,0,no,
109770,2014/08/15 00:30,2014/08/15 01:14,2014/08/15 00:45,S17W19,B5.0,306,-376,0,53,0,no,
109780,2014/08/15 01:22,2014/08/15 01:48,2014/08/15 01:36,N15E64,B7.1,-820,213,0,52,0,6-12,
109790,2014/08/15 02:34,2014/08/15 02:47,2014/08/15 02:39,N16E30,B6.2,-479,177,16,48,0,6-12,
109800,2014/08/15 03:28,2014/08/15 03:50,2014/08/15 03:40,N13E30,B5.4,-476,122,25,11,0,no,
109810,2014/08/15 06:58,2014/08/15 08:38,2014/08/15 08:08,N19E61,B6.0,-783,308,0,131,0,6-12,
109820,2014/08/15 07:50,2014/08/15 08:02,2014/08/15 07:56,N13E29,B6.5,-458,128,14,46,1,6-12,
109830,2014/08/15 08:27,2014/08/15 08:48,2014/08/15 08:37,N12E27,B9.5,-427,116,14,5,1,no,
109840,2014/08/15 10:05,2014/08/15 10:17,2014/08/15 10:10,S20W22,B9.0,348,-400,0,0,0,no,
109850,2014/08/15 10:31,2014/08/15 10:43,2014/08/15 10:36,N16E59,B7.2,-782,207,0,12,0,no,
109860,2014/08/15 11:54,2014/08/15 12:08,2014/08/15 12:00,N12E25,C1.1,-403,100,0,0,0,12-25,
109870,2014/08/15 13:00,2014/08/15 13:50,2014/08/15 13:47,S19W25,C1.1,380,-406,0,0,0,6-12,
109880,2014/08/15 21:46,2014/08/15 22:06,2014/08/15 21:54,N12E18,C1.5,-294,105,23,0,0,12-25,
109890,2014/08/15 22:34,2014/08/15 22:40,2014/08/15 22:38,S19W32,C1.4,485,-404,0,13,0,no,
109900,2014/08/16 05:41,2014/08/16 06:01,2014/08/16 05:49,N12E12,C1.0,-230,101,0,10,0,12-25,
109910,2014/08/16 09:24,2014/08/16 09:32,2014/08/16 09:30,S21W39,C2.7,583,-374,0,0,0,12-25,
109920,2014/08/17 00:10,2014/08/17 00:32,2014/08/17 00:20,N13E06,B8.4,-90,116,25,28,0,6-12,
109930,2014/08/17 01:51,2014/08/17 02:01,2014/08/17 01:56,S19W47,B7.3,662,-390,0,4,0,6-12,
109940,2014/08/17 07:01,2014/08/17 07:06,2014/08/17 07:04,S18W56,B8.0,746,-360,0,12,0,12-25,
109950,2014/08/17 19:41,2014/08/17 20:06,2014/08/17 19:48,N08E70,C1.8,-883,100,0,0,0,6-12,
109960,2014/08/17 22:05,2014/08/17 22:15,2014/08/17 22:09,S18W64,B8.2,808,-350,0,0,0,no,
109970,2014/08/18 02:00,2014/08/18 02:07,2014/08/18 02:03,N09E63,B4.9,-834,148,0,15,0,6-12,
109980,2014/08/18 07:54,2014/08/18 08:05,2014/08/18 07:59,S18W66,B8.1,827,-341,0,23,0,no,
109990,2014/08/18 09:22,2014/08/18 09:27,2014/08/18 09:25,S20W70,B4.4,839,-359,0,12,0,no,
110000,2014/08/18 13:26,2014/08/18 14:14,2014/08/18 13:50,S11E71,C1.8,-853,-248,0,40,0,25-50,
110010,2014/08/18 16:47,2014/08/18 17:05,2014/08/18 16:56,N10W18,C1.2,331,113,15,15,0,12-25,
110020,2014/08/19 05:36,2014/08/19 06:04,2014/08/19 05:48,S13E57,B5.6,-788,-255,0,0,0,no,
110030,2014/08/19 06:14,2014/08/19 07:17,2014/08/19 06:48,S12E57,B8.1,-807,-261,0,0,0,6-12,
110040,2014/08/19 23:22,2014/08/19 23:42,2014/08/19 23:32,N06E58,C1.9,-804,56,0,73,0,no,
110050,2014/08/20 00:04,2014/08/20 00:16,2014/08/20 00:10,S12E46,B9.5,-671,-237,0,11,0,3-6,
110060,2014/08/20 09:01,2014/08/20 09:35,2014/08/20 09:14,N11E88,C1.5,-941,197,0,0,0,no,
110070,2014/08/20 11:50,2014/08/20 12:04,2014/08/20 11:54,S18W87,B7.6,903,-302,0,30,0,no,
110080,2014/08/20 12:38,2014/08/20 12:56,2014/08/20 12:51,N11E88,C4.9,-942,196,0,90,0,25-50,
110090,2014/08/20 15:13,2014/08/20 15:42,2014/08/20 15:23,N07E47,C1.3,-696,43,0,5,0,6-12,
110100,2014/08/20 16:18,2014/08/20 16:27,2014/08/20 16:22,N06E48,C1.8,-711,35,0,17,0,6-12,
110110,2014/08/20 17:43,2014/08/20 18:08,2014/08/20 17:56,N10E88,C2.6,-951,185,0,0,0,6-12,
110120,2014/08/20 18:50,2014/08/20 19:29,2014/08/20 19:11,N10E88,C3.2,-960,179,0,0,0,6-12,
110130,2014/08/20 19:38,2014/08/20 20:03,2014/08/20 19:57,N11E88,C2.9,-959,188,0,0,0,3-6,
110140,2014/08/20 21:39,2014/08/20 22:10,2014/08/20 21:57,N12E23,C2.1,-362,197,0,5,0,3-6,
110150,2014/08/20 23:05,2014/08/20 23:21,2014/08/20 23:15,N11E88,B9.2,-959,195,0,0,0,no,
110160,2014/08/20 23:22,2014/08/20 23:38,2014/08/20 23:31,N11E88,C1.1,-944,200,0,0,0,6-12,
110170,2014/08/21 00:26,2014/08/21 01:05,2014/08/21 00:46,N11E88,C3.2,-961,198,0,0,0,6-12,
110180,2014/08/21 01:12,2014/08/21 02:00,2014/08/21 01:37,N10E88,C3.2,-963,186,0,0,0,12-25,
110190,2014/08/21 03:12,2014/08/21 04:40,2014/08/21 04:06,N08E41,C1.7,-603,29,0,122,0,6-12,
110200,2014/08/21 08:41,2014/08/21 09:01,2014/08/21 08:55,N12E16,B8.8,-257,92,0,19,0,no,
110210,2014/08/21 09:57,2014/08/21 10:36,2014/08/21 10:18,N11E88,C1.2,-944,186,0,0,0,no,
110220,2014/08/21 11:55,2014/08/21 12:03,2014/08/21 11:59,N06E38,C1.2,-583,24,0,14,0,no,
110230,2014/08/21 13:19,2014/08/21 13:42,2014/08/21 13:31,N06E38,M3.4,-580,99,0,41,0,12-25,
110240,2014/08/21 15:45,2014/08/21 15:55,2014/08/21 15:50,N09E86,C2.0,-933,147,0,0,0,12-25,
110250,2014/08/21 18:56,2014/08/21 19:20,2014/08/21 19:04,N11E80,C7.3,-929,145,0,0,0,25-50,
110260,2014/08/21 22:17,2014/08/21 22:57,2014/08/21 22:39,N09E85,C1.2,-932,146,0,26,0,6-12,
110270,2014/08/21 23:54,2014/08/22 00:10,2014/08/22 00:06,N07E32,C6.6,-498,34,0,0,0,12-25,
110280,2014/08/22 00:48,2014/08/22 01:01,2014/08/22 00:54,N10E78,C2.6,-916,143,0,0,0,12-25,
110290,2014/08/22 01:56,2014/08/22 02:05,2014/08/22 02:01,S10E88,C2.5,-944,-181,0,9,0,no,
110300,2014/08/22 02:20,2014/08/22 02:35,2014/08/22 02:26,N09E79,C4.1,-919,132,0,0,0,6-12,
110310,2014/08/22 06:09,2014/08/22 07:18,2014/08/22 06:23,N12E73,M1.2,-910,132,0,79,0,25-50,
110320,2014/08/22 08:30,2014/08/22 08:41,2014/08/22 08:34,N09E74,C2.6,-902,133,0,0,0,no,
110330,2014/08/22 09:10,2014/08/22 09:28,2014/08/22 09:23,N09E75,C8.5,-904,133,0,0,0,12-25,
110340,2014/08/22 10:13,2014/08/22 10:46,2014/08/22 10:27,N12E01,C2.2,-29,75,0,66,0,12-25,
110350,2014/08/22 12:04,2014/08/22 12:11,2014/08/22 12:08,N12E72,C1.1,-903,156,0,15,0,no,
110360,2014/08/22 12:30,2014/08/22 13:08,2014/08/22 12:52,N12E71,C6.4,-891,129,0,41,0,12-25,
110370,2014/08/22 15:40,2014/08/22 16:02,2014/08/22 15:52,N08W03,C6.2,26,39,0,148,0,12-25,
110380,2014/08/23 01:49,2014/08/23 02:09,2014/08/23 01:56,N10E62,C3.5,-835,119,0,50,0,6-12,
110390,2014/08/23 07:04,2014/08/23 07:56,2014/08/23 07:47,N05E08,C1.4,-131,82,0,105,0,12-25,
110400,2014/08/23 11:19,2014/08/23 11:38,2014/08/23 11:27,N13E58,C1.3,-793,111,44,93,1,6-12,
110410,2014/08/23 14:07,2014/08/23 14:22,2014/08/23 14:13,N12E56,C2.2,-777,104,0,12,0,6-12,
110420,2014/08/23 17:19,2014/08/23 17:31,2014/08/23 17:27,N13W14,C6.0,234,98,10,4,0,no,
110430,2014/08/23 18:11,2014/08/23 18:22,2014/08/23 18:17,N10E54,C2.9,-748,95,0,57,0,12-25,
110440,2014/08/23 22:26,2014/08/23 22:54,2014/08/23 22:43,N12E60,C1.4,-806,141,0,0,0,6-12,
110450,2014/08/24 00:08,2014/08/24 00:27,2014/08/24 00:16,N08W20,C1.6,327,38,0,0,0,12-25,
110460,2014/08/24 00:49,2014/08/24 00:58,2014/08/24 00:52,S16E60,B7.4,-793,-304,0,0,0,6-12,
110470,2014/08/24 04:53,2014/08/24 05:11,2014/08/24 05:02,N12E45,C5.5,-659,98,143,144,0,3-6,
110480,2014/08/24 07:22,2014/08/24 07:29,2014/08/24 07:22,S04W69,C2.8,883,-66,0,0,0,3-6,
110490,2014/08/24 09:35,2014/08/24 09:53,2014/08/24 09:46,N13E48,C1.4,-692,99,0,0,0,no,
110500,2014/08/24 10:31,2014/08/24 11:08,2014/08/24 10:49,N12E44,C1.7,-644,96,2,0,0,3-6,
110510,2014/08/24 12:00,2014/08/24 12:25,2014/08/24 12:17,S09E76,M5.9,-909,-187,0,0,0,6-12,
110520,2014/08/24 17:20,2014/08/24 17:29,2014/08/24 17:24,S05W76,C1.8,918,-121,0,0,0,no,
110530,2014/08/24 18:47,2014/08/24 19:45,2014/08/24 19:23,N08W78,C2.2,921,119,0,0,0,12-25,
110540,2014/08/25 01:01,2014/08/25 01:18,2014/08/25 01:15,S13E46,C1.0,-655,-284,0,0,0,no,
110550,2014/08/25 04:12,2014/08/25 05:00,2014/08/25 04:50,N09E34,C1.0,-486,53,0,0,0,no,
110560,2014/08/25 05:40,2014/08/25 06:00,2014/08/25 05:48,N10E33,C1.1,-584,110,0,0,0,6-12,
110570,2014/08/25 07:44,2014/08/25 08:01,2014/08/25 07:55,N10W37,B9.7,575,75,0,0,0,no,
110580,2014/08/25 11:15,2014/08/25 11:20,2014/08/25 11:18,S12E41,B7.8,-586,-310,0,0,0,no,
110590,2014/08/25 12:49,2014/08/25 12:57,2014/08/25 12:52,N05W38,B7.6,575,25,0,0,0,no,
110600,2014/08/25 14:13,2014/08/25 14:31,2014/08/25 14:25,N09W41,C1.3,623,74,0,0,0,25-50,
110610,2014/08/25 14:46,2014/08/25 15:31,2014/08/25 15:11,N05W36,M2.0,595,9,0,0,0,25-50,
110620,2014/08/25 20:06,2014/08/25 20:29,2014/08/25 20:21,N07W43,M3.9,654,38,0,0,0,no,
110630,2014/08/26 02:34,2014/08/26 02:51,2014/08/26 02:41,N10W48,C4.0,704,83,0,0,0,no,
110640,2014/08/26 06:09,2014/08/26 06:30,2014/08/26 06:14,N09W49,C1.0,720,80,0,0,0,6-12,
110650,2014/08/26 09:23,2014/08/26 09:33,2014/08/26 09:28,N07W50,C1.9,737,85,0,0,0,12-25,
110660,2014/08/26 22:54,2014/08/26 23:38,2014/08/26 23:25,N09W58,C5.6,815,66,0,0,9,12-25,
110670,2014/08/27 02:30,2014/08/27 02:39,2014/08/27 02:35,S11E40,C1.4,-600,-273,0,0,0,no,
110680,2014/08/27 03:34,2014/08/27 04:28,2014/08/27 03:42,N12E13,C4.3,-105,59,0,0,0,6-12,
110690,2014/08/27 05:09,2014/08/27 05:28,2014/08/27 05:20,N10W61,C1.8,841,102,22,0,6,12-25,
110700,2014/08/27 18:40,2014/08/27 18:56,2014/08/27 18:46,N06W48,B8.1,707,21,0,59,0,6-12,
110710,2014/08/27 22:18,2014/08/27 22:25,2014/08/27 22:22,N09W72,B5.1,896,116,8,26,1,12-25,
110720,2014/08/27 22:46,2014/08/27 22:53,2014/08/27 22:49,S05E21,B6.9,-337,-201,0,0,0,no,
110730,2014/08/28 04:59,2014/08/28 06:10,2014/08/28 05:15,N11W70,C1.6,893,78,0,144,0,3-6,
110740,2014/08/28 07:59,2014/08/28 08:09,2014/08/28 08:05,S06E16,C1.1,-269,-210,0,0,0,25-50,
110750,2014/08/28 13:53,2014/08/28 13:59,2014/08/28 13:57,N08W79,B7.7,923,116,0,14,0,12-25,
110760,2014/08/28 15:08,2014/08/28 15:55,2014/08/28 15:20,N08W77,C1.9,919,108,0,46,0,12-25,
110770,2014/08/28 16:22,2014/08/28 16:26,2014/08/28 16:23,S16E61,B8.4,-779,-361,0,9,0,no,
110780,2014/08/28 18:45,2014/08/28 18:55,2014/08/28 18:50,S06E10,B6.4,-177,-216,0,10,0,12-25,
110790,2014/08/28 19:35,2014/08/28 19:44,2014/08/28 19:39,S06E11,B5.8,-174,-212,0,20,0,no,
110800,2014/08/28 23:48,2014/08/28 23:57,2014/08/28 23:52,S06E08,B7.1,-134,-218,0,14,0,6-12,
110810,2014/08/29 02:20,2014/08/29 02:31,2014/08/29 02:26,N08W89,C1.4,947,134,0,0,0,12-25,
110820,2014/08/29 15:43,2014/08/29 16:02,2014/08/29 15:52,N06W89,C4.3,954,111,0,9,0,25-50,
110830,2014/08/29 17:59,2014/08/29 18:16,2014/08/29 18:08,N09W76,C1.9,918,122,0,36,0,6-12,
110840,2014/08/29 22:35,2014/08/29 22:57,2014/08/29 22:44,N07W36,C1.5,560,31,0,36,0,12-25,
110850,2014/08/29 23:00,2014/08/29 23:37,2014/08/29 23:18,N08W35,C1.5,557,26,0,71,0,12-25,
110860,2014/08/29 23:46,2014/08/30 00:33,2014/08/30 00:12,N07W36,C3.0,556,25,0,55,0,no,
110870,2014/08/30 04:16,2014/08/30 04:39,2014/08/30 04:28,N08W38,C2.0,577,27,0,14,0,12-25,
110880,2014/08/30 04:49,2014/08/30 05:08,2014/08/30 04:56,N07W37,C3.3,581,32,0,33,0,no,
110890,2014/08/30 06:34,2014/08/30 06:45,2014/08/30 06:41,S16E39,B8.7,-591,-353,0,24,0,no,
110900,2014/08/30 07:18,2014/08/30 07:26,2014/08/30 07:22,N03W89,C1.7,959,59,0,15,0,12-25,
110910,2014/08/30 08:01,2014/08/30 09:31,2014/08/30 08:03,S14E39,C1.0,-548,-348,0,144,0,6-12,
110920,2014/08/30 08:31,2014/08/30 08:39,2014/08/30 08:35,N08W39,C1.3,592,132,0,17,0,12-25,
110930,2014/08/30 10:14,2014/08/30 10:21,2014/08/30 10:19,N05W41,C2.0,612,41,0,16,0,12-25,
110940,2014/08/30 11:49,2014/08/30 11:55,2014/08/30 11:53,S15E37,C1.0,-521,-353,0,14,0,12-25,
110950,2014/08/30 14:22,2014/08/30 14:29,2014/08/30 14:25,S14E35,C2.8,-528,-229,0,32,0,no,
110960,2014/08/30 18:29,2014/08/30 18:44,2014/08/30 18:33,S15E33,B9.8,-509,-340,0,0,0,12-25,
110970,2014/08/31 01:51,2014/08/31 02:09,2014/08/31 01:57,N09W49,C1.3,711,54,0,7,2,6-12,
110980,2014/08/31 03:51,2014/08/31 04:02,2014/08/31 03:55,N10W50,B8.9,721,53,0,36,4,6-12,
110990,2014/08/31 05:37,2014/08/31 06:01,2014/08/31 05:55,N08W52,C3.4,739,61,0,74,5,12-25,
111000,2014/08/31 07:21,2014/08/31 07:41,2014/08/31 07:28,N08W52,C1.8,757,68,0,67,7,12-25,
111010,2014/08/31 09:51,2014/08/31 12:06,2014/08/31 11:18,N08W53,C3.6,759,66,0,188,0,12-25,
111020,2014/08/31 12:07,2014/08/31 12:14,2014/08/31 12:11,N08W54,C7.1,767,72,0,16,0,12-25,
111030,2014/08/31 15:30,2014/08/31 15:38,2014/08/31 15:35,N07W58,C2.1,786,72,0,0,0,no,
111040,2014/08/31 15:58,2014/08/31 16:20,2014/08/31 16:11,S15E22,C1.2,-344,-246,0,0,0,12-25,
111050,2014/08/31 17:25,2014/08/31 17:41,2014/08/31 17:33,N07W60,C2.2,824,60,0,34,0,12-25,
111060,2014/08/31 22:28,2014/08/31 23:03,2014/08/31 22:55,S14E16,C1.0,-258,-348,0,70,0,12-25,
111070,2014/09/01 05:43,2014/09/01 05:55,2014/09/01 05:49,S14E13,B8.3,-207,-341,0,0,0,no,
111080,2014/09/01 06:40,2014/09/01 08:22,2014/09/01 07:44,N05W74,C2.1,909,64,0,0,0,no,
111090,2014/09/01 10:20,2014/09/01 10:36,2014/09/01 10:26,N07W69,C1.4,884,84,0,0,0,no,
111100,2014/09/01 15:27,2014/09/01 17:11,2014/09/01 16:04,S13E05,C1.7,-63,-335,0,139,0,no,
111110,2014/09/01 18:03,2014/09/01 20:00,2014/09/01 18:26,S12W47,C1.6,682,-282,0,0,0,no,
111120,2014/09/02 00:09,2014/09/02 00:24,2014/09/02 00:16,N07W80,C2.3,930,95,0,0,5,no,
111130,2014/09/02 00:50,2014/09/02 01:05,2014/09/02 00:59,S13W01,C2.6,18,-331,0,0,0,no,
111140,2014/09/02 12:04,2014/09/02 12:16,2014/09/02 12:09,S14W05,C2.2,83,-350,14,44,5,no,
111150,2014/09/02 13:10,2014/09/02 13:23,2014/09/02 13:15,S13W07,C3.7,130,-320,16,35,0,no,
111160,2014/09/02 20:56,2014/09/02 21:04,2014/09/02 21:00,S20E87,C2.9,-901,-338,0,18,0,no,
111170,2014/09/03 01:31,2014/09/03 01:40,2014/09/03 01:37,N07W89,C2.4,947,130,0,20,0,no,
111180,2014/09/03 02:44,2014/09/03 03:00,2014/09/03 02:53,S21E86,C4.0,-897,-351,0,32,0,no,
111190,2014/09/03 08:40,2014/09/03 09:20,2014/09/03 09:20,S12E88,C1.3,-948,-213,0,0,0,no,
111200,2014/09/03 12:44,2014/09/03 12:55,2014/09/03 12:50,S21E86,C1.6,-894,-349,0,0,0,no,
111210,2014/09/03 13:20,2014/09/03 14:23,2014/09/03 13:54,S14W18,M2.5,285,-230,0,0,0,no,
111220,2014/09/03 21:13,2014/09/03 21:24,2014/09/03 21:24,S13E88,C5.2,-944,-221,0,24,0,no,
111230,2014/09/04 02:24,2014/09/04 02:31,2014/09/04 02:28,N13W82,C2.4,918,200,0,0,0,no,
111240,2014/09/04 06:38,2014/09/04 06:49,2014/09/04 06:43,S82E13,C1.6,-29,-942,0,23,0,no,
111250,2014/09/04 10:00,2014/09/04 10:24,2014/09/04 10:11,S13E87,C3.1,-950,-234,0,0,0,no,
111260,2014/09/04 11:10,2014/09/04 11:26,2014/09/04 11:22,S09W60,C2.2,815,-220,0,33,0,no,
111270,2014/09/04 11:44,2014/09/04 11:49,2014/09/04 11:47,S10W60,C1.8,815,-226,0,12,0,no,
111280,2014/09/04 13:10,2014/09/04 13:45,2014/09/04 13:30,S15W30,C6.3,466,-350,39,105,10,no,
111290,2014/09/04 14:45,2014/09/04 14:53,2014/09/04 14:49,S14E85,C1.5,-916,-251,0,0,0,no,
111300,2014/09/04 16:21,2014/09/04 16:48,2014/09/04 16:32,S19E87,C5.7,-909,-324,0,0,0,no,
111310,2014/09/04 19:16,2014/09/04 19:42,2014/09/04 19:31,S15E87,C3.9,-916,-262,54,28,8,no,
111320,2014/09/05 01:44,2014/09/05 01:52,2014/09/05 01:50,S13E73,C3.8,-888,-255,0,0,0,no,
111330,2014/09/05 06:04,2014/09/05 06:11,2014/09/05 06:08,S13E70,C2.1,-872,-256,0,0,0,no,
111340,2014/09/05 06:16,2014/09/05 07:09,2014/09/05 06:53,S14E69,C6.7,-881,-252,0,0,0,no,
111350,2014/09/05 09:28,2014/09/05 09:38,2014/09/05 09:33,S13E68,C3.2,-860,-259,0,0,0,no,
111360,2014/09/05 14:50,2014/09/05 14:56,2014/09/05 14:54,S09W76,C1.6,912,-188,0,17,0,no,
111370,2014/09/05 16:10,2014/09/05 16:27,2014/09/05 16:17,S15E87,C1.8,-929,-258,0,0,0,no,
111380,2014/09/06 00:00,2014/09/06 00:06,2014/09/06 00:03,S16E61,C2.9,-806,-317,0,40,0,no,
111390,2014/09/06 05:56,2014/09/06 06:44,2014/09/06 06:18,S17E61,C2.4,-801,-338,0,145,0,no,
111400,2014/09/06 08:01,2014/09/06 09:05,2014/09/06 08:08,S10E54,C8.0,-785,-279,0,0,0,no,
111410,2014/09/06 11:24,2014/09/06 11:37,2014/09/06 11:29,S17E54,C2.5,-745,-347,0,0,0,no,
111420,2014/09/06 12:21,2014/09/06 12:28,2014/09/06 12:24,S19W56,C1.7,746,-309,0,0,0,no,
111430,2014/09/06 16:50,2014/09/06 17:22,2014/09/06 17:09,S14E53,M1.1,-733,-324,0,0,0,no,
111440,2014/09/06 17:44,2014/09/06 17:53,2014/09/06 17:48,S11E51,C4.7,-726,-181,0,16,0,no,
111450,2014/09/07 01:53,2014/09/07 02:23,2014/09/07 02:04,S21E63,C7.5,-792,-393,0,29,0,no,
111460,2014/09/07 10:00,2014/09/07 10:10,2014/09/07 10:04,S10E42,C2.2,-641,-291,41,33,0,no,
111470,2014/09/07 10:28,2014/09/07 10:45,2014/09/07 10:37,S12E41,C1.9,-613,-299,67,54,0,no,
111480,2014/09/07 12:01,2014/09/07 12:28,2014/09/07 12:10,S14E43,C2.2,-628,-368,0,92,0,no,
111490,2014/09/07 14:34,2014/09/07 14:44,2014/09/07 14:39,S10E36,C3.3,-492,-266,0,79,0,no,
111500,2014/09/07 19:29,2014/09/07 19:52,2014/09/07 19:43,S12E36,C7.8,-558,-301,0,40,0,no,
111510,2014/09/08 00:08,2014/09/08 00:13,2014/09/08 00:11,S10E26,C5.1,-416,-278,0,12,0,no,
111520,2014/09/08 03:21,2014/09/08 03:57,2014/09/08 03:37,S12E51,C4.6,-723,-198,0,52,0,no,
111530,2014/09/08 16:26,2014/09/08 16:40,2014/09/08 16:33,S16E27,C2.7,-417,-379,0,0,0,no,
111540,2014/09/08 19:01,2014/09/08 19:36,2014/09/08 19:07,N15E28,C2.1,-441,134,0,57,0,no,
111550,2014/09/08 23:12,2014/09/09 01:31,2014/09/09 00:29,N14E31,M4.5,-478,133,0,198,0,no,20140908_2350
111560,2014/09/09 12:19,2014/09/09 12:35,2014/09/09 12:26,S08E12,C3.2,-196,-132,0,12,0,no,
111570,2014/09/10 05:12,2014/09/10 05:32,2014/09/10 05:24,S16E05,C2.4,-88,-398,0,24,0,no,
111580,2014/09/10 16:59,2014/09/10 22:40,2014/09/10 17:33,N14E02,X1.6,-89,74,0,990,1,no,
111590,2014/09/11 03:35,2014/09/11 04:02,2014/09/11 03:49,N15E88,C4.4,-941,264,0,5,0,no,
111600,2014/09/11 06:33,2014/09/11 06:42,2014/09/11 06:36,S82E11,C1.9,-28,"-1,072",0,8,0,no,
111610,2014/09/11 11:54,2014/09/11 12:01,2014/09/11 11:58,S08E74,C2.0,-908,-165,0,15,0,no,
111620,2014/09/11 14:30,2014/09/11 14:50,2014/09/11 14:34,S08E72,C2.4,-899,-168,0,41,0,no,
111630,2014/09/11 15:20,2014/09/11 15:31,2014/09/11 15:26,N15E88,M2.1,-930,252,0,72,0,no,
111640,2014/09/11 21:01,2014/09/11 21:30,2014/09/11 21:26,S17W17,M1.4,269,-390,0,136,0,no,
111650,2014/09/12 02:07,2014/09/12 02:32,2014/09/12 02:24,S16W20,C9.5,304,-370,0,159,0,no,
111660,2014/09/12 08:11,2014/09/12 08:17,2014/09/12 08:15,N18W15,C1.2,246,197,0,22,0,no,
111670,2014/09/12 08:24,2014/09/12 10:43,2014/09/12 09:55,N13W12,C3.2,206,110,0,393,3,no,
111680,2014/09/12 12:25,2014/09/12 13:04,2014/09/12 12:32,S16W71,C1.5,866,-262,0,78,0,no,
111690,2014/09/12 13:36,2014/09/12 13:47,2014/09/12 13:41,S12W74,C1.5,897,-231,0,23,0,no,
111700,2014/09/12 16:32,2014/09/12 16:38,2014/09/12 16:35,S11W74,C1.4,898,-226,0,13,0,no,
111710,2014/09/12 18:45,2014/09/12 19:02,2014/09/12 18:55,S17W29,C2.5,449,-390,0,34,0,no,
111720,2014/09/12 20:05,2014/09/12 20:14,2014/09/12 20:12,S12W80,C3.3,918,-224,0,21,0,no,
111730,2014/09/13 00:00,2014/09/13 00:15,2014/09/13 00:09,S11W79,C2.3,926,-212,0,22,0,no,
111740,2014/09/13 04:29,2014/09/13 04:58,2014/09/13 04:47,N14E76,C1.7,-897,215,0,0,0,no,
111750,2014/09/13 12:41,2014/09/13 12:46,2014/09/13 12:44,S13W44,C1.2,650,-303,0,4,0,no,
111760,2014/09/13 12:50,2014/09/13 12:56,2014/09/13 12:54,S19W37,C3.7,575,-359,0,29,0,no,
111770,2014/09/13 16:10,2014/09/13 16:19,2014/09/13 16:16,S16W40,C1.1,599,-358,0,7,0,no,
111780,2014/09/13 17:11,2014/09/13 17:16,2014/09/13 17:14,S16W41,C1.6,611,-362,0,4,0,no,
111790,2014/09/13 22:28,2014/09/13 22:36,2014/09/13 22:33,S13E01,C1.1,-16,-214,0,7,1,no,
111800,2014/09/13 23:10,2014/09/13 23:15,2014/09/13 23:13,S15W45,C1.2,644,-357,0,0,0,no,
111810,2014/09/13 23:16,2014/09/13 23:26,2014/09/13 23:18,N20W39,C1.5,578,218,0,1,0,no,
111820,2014/09/14 00:12,2014/09/14 00:21,2014/09/14 00:17,S12W88,C1.9,942,-208,0,8,0,no,
111830,2014/09/14 02:03,2014/09/14 02:36,2014/09/14 02:16,S13W49,M1.5,701,-214,0,62,0,no,
111840,2014/09/14 14:08,2014/09/14 14:15,2014/09/14 14:12,S16W52,C1.6,746,-290,0,0,0,no,
111850,2014/09/15 00:20,2014/09/15 00:35,2014/09/15 00:27,S12W63,C3.1,847,-282,0,0,0,no,
111860,2014/09/15 02:04,2014/09/15 02:46,2014/09/15 02:24,N16W52,C2.9,782,152,48,0,5,no,
111870,2014/09/15 13:10,2014/09/15 13:18,2014/09/15 13:14,N12W59,B8.7,801,162,5,0,0,no,
111880,2014/09/15 15:03,2014/09/15 15:24,2014/09/15 15:20,N17W62,B8.1,807,225,13,0,0,no,
111890,2014/09/15 18:11,2014/09/15 18:17,2014/09/15 18:15,N17W61,C2.2,796,263,0,0,0,no,
111900,2014/09/15 20:44,2014/09/15 20:59,2014/09/15 20:51,N11E43,C2.3,-647,84,0,0,0,no,
111910,2014/09/16 15:38,2014/09/16 15:47,2014/09/16 15:45,N17W77,C1.4,890,257,0,0,0,no,
111920,2014/09/16 16:57,2014/09/16 17:07,2014/09/16 17:02,N16W77,C1.6,893,249,0,0,0,no,
111930,2014/09/16 19:06,2014/09/16 19:34,2014/09/16 19:27,N18W78,C2.1,888,270,0,0,0,no,
111940,2014/09/16 20:37,2014/09/16 20:47,2014/09/16 20:43,N17W79,C2.0,897,257,0,0,0,no,
111950,2014/09/16 23:51,2014/09/17 00:08,2014/09/16 23:58,S13W36,C1.8,549,-312,0,0,0,no,
111960,2014/09/17 01:05,2014/09/17 01:14,2014/09/17 01:10,S12W37,C1.2,552,-315,0,0,0,no,
111970,2014/09/17 01:32,2014/09/17 01:50,2014/09/17 01:42,S12W38,C1.3,559,-314,0,0,0,no,
111980,2014/09/17 03:29,2014/09/17 03:44,2014/09/17 03:34,S15W40,C2.6,580,-311,0,0,0,no,
111990,2014/09/17 07:27,2014/09/17 07:34,2014/09/17 07:31,S13W40,C1.2,599,-314,0,0,0,no,
112000,2014/09/17 08:06,2014/09/17 08:19,2014/09/17 08:12,S13W40,C1.4,599,-317,0,0,0,no,
112010,2014/09/17 19:26,2014/09/17 20:13,2014/09/17 19:48,N12W88,C7.5,972,213,0,215,0,no,
112020,2014/09/17 21:10,2014/09/17 21:48,2014/09/17 21:39,S15W87,C3.5,933,-256,0,28,0,no,
112030,2014/09/18 01:06,2014/09/18 01:20,2014/09/18 01:12,N14W88,C1.4,933,237,0,11,0,no,
112040,2014/09/18 07:02,2014/09/18 07:12,2014/09/18 07:09,N05E70,C6.4,-893,49,0,30,0,no,
112050,2014/09/18 08:37,2014/09/18 08:53,2014/09/18 08:41,N08E70,M1.2,-891,36,0,63,0,no,
112060,2014/09/18 15:54,2014/09/18 16:00,2014/09/18 15:58,N04E65,B9.0,-864,26,0,5,0,no,
112070,2014/09/18 17:25,2014/09/18 17:32,2014/09/18 17:30,N04E63,C3.4,-856,18,0,6,0,no,
112080,2014/09/18 21:11,2014/09/18 21:30,2014/09/18 21:19,N14W88,C1.0,938,240,0,5,0,no,
112090,2014/09/19 00:02,2014/09/19 00:13,2014/09/19 00:07,N13W09,C1.2,126,107,0,53,0,no,
112100,2014/09/19 13:49,2014/09/19 13:56,2014/09/19 13:52,N13W15,C1.4,256,108,0,6,0,no,
112110,2014/09/19 17:01,2014/09/19 17:09,2014/09/19 17:06,S13W73,C1.0,887,-261,0,1,0,no,
112120,2014/09/19 17:27,2014/09/19 18:58,2014/09/19 18:32,S10E84,C3.3,-933,-189,0,9,0,no,
112130,2014/09/20 12:43,2014/09/20 13:06,2014/09/20 12:54,S13E88,C1.1,-953,-228,0,45,0,no,
112140,2014/09/20 17:08,2014/09/20 17:23,2014/09/20 17:14,S12E88,C1.1,-936,-214,0,29,0,no,
112150,2014/09/21 01:44,2014/09/21 01:58,2014/09/21 01:51,S13E85,C1.2,-926,-230,0,15,0,no,
112160,2014/09/21 07:07,2014/09/21 07:25,2014/09/21 07:14,S12E78,C2.0,-912,-236,0,0,0,no,
112170,2014/09/21 11:28,2014/09/21 13:03,2014/09/21 11:45,N11W40,C5.2,637,129,0,297,0,no,
112180,2014/09/22 19:12,2014/09/22 20:08,2014/09/22 19:51,S16E61,C1.6,-804,-326,0,105,0,no,
112190,2014/09/23 15:28,2014/09/23 15:39,2014/09/23 15:36,S12E48,C1.1,-684,-312,0,29,0,no,
112200,2014/09/23 20:44,2014/09/23 21:10,2014/09/23 20:58,S13E43,B9.6,-645,-299,0,49,0,no,
112210,2014/09/23 23:01,2014/09/24 00:10,2014/09/23 23:09,S13E33,M2.3,-495,-333,0,123,0,no,20140923_2311
112220,2014/09/24 16:01,2014/09/24 16:14,2014/09/24 16:11,S12E25,C1.8,-395,-198,0,28,0,no,
112230,2014/09/24 17:45,2014/09/24 17:52,2014/09/24 17:50,S13E24,C7.0,-379,-215,0,16,0,no,
112240,2014/09/24 23:36,2014/09/24 23:54,2014/09/24 23:42,N13E88,C4.8,-943,233,0,1,0,no,
112250,2014/09/25 13:47,2014/09/25 13:56,2014/09/25 13:53,N11E88,C2.5,-942,195,0,20,0,6-12,
112260,2014/09/25 19:12,2014/09/25 21:47,2014/09/25 20:32,S15E18,C3.2,-287,-363,127,211,12,3-6,
112270,2014/09/25 21:49,2014/09/25 22:31,2014/09/25 22:09,N13W10,C5.6,175,101,0,23,0,6-12,
112280,2014/09/26 00:41,2014/09/26 00:53,2014/09/26 00:46,S15E01,C1.6,-16,-363,0,43,0,12-25,
112290,2014/09/26 04:19,2014/09/26 06:59,2014/09/26 05:44,S08E08,C8.6,-137,-260,209,298,22,6-12,
112300,2014/09/26 12:36,2014/09/26 12:58,2014/09/26 12:55,N12E76,C3.7,-909,171,0,44,0,25-50,
112310,2014/09/26 13:50,2014/09/26 13:56,2014/09/26 13:54,S11E04,C4.2,-111,-302,8,18,2,no,
112320,2014/09/26 16:13,2014/09/26 16:25,2014/09/26 16:18,N13E75,C7.9,-899,164,0,66,0,no,
112330,2014/09/26 19:34,2014/09/26 19:41,2014/09/26 19:38,N12E82,C1.6,-925,190,0,5,0,no,
112340,2014/09/26 23:06,2014/09/26 23:14,2014/09/26 23:10,S03E89,C3.5,-968,-63,0,6,0,no,
112350,2014/09/27 00:10,2014/09/27 00:24,2014/09/27 00:14,S15W10,C2.2,141,-348,16,46,0,12-25,
112360,2014/09/27 06:45,2014/09/27 06:55,2014/09/27 06:50,S18W15,C2.4,251,-390,0,0,0,12-25,
112370,2014/09/27 08:32,2014/09/27 08:40,2014/09/27 08:37,S04E89,M1.0,-961,-71,0,0,0,3-6,
112380,2014/09/27 15:32,2014/09/27 15:51,2014/09/27 16:13,S10W09,C2.3,147,-166,0,16,0,3-6,
112390,2014/09/27 19:19,2014/09/27 19:51,2014/09/27 20:01,S13W11,C2.7,178,-215,0,91,1,no,
112400,2014/09/28 01:09,2014/09/28 01:16,2014/09/28 01:28,S10W16,C3.4,259,-166,0,15,0,3-6,
112410,2014/09/28 02:39,2014/09/28 02:58,2014/09/28 03:19,S13W23,M5.1,364,-215,0,109,0,25-50,20140928_0243
112420,2014/09/28 06:59,2014/09/28 07:04,2014/09/28 07:29,S17W29,C6.3,443,-279,0,32,0,no,
112430,2014/09/28 10:55,2014/09/28 10:59,2014/09/28 11:02,S12W22,C2.9,350,-199,0,23,0,no,
112440,2014/09/28 16:34,2014/09/28 17:33,2014/09/28 18:00,S15W30,M1.0,462,-247,66,178,0,25-50,
112450,2014/09/28 20:27,2014/09/28 20:35,2014/09/28 20:55,S17W37,C4.0,551,-280,0,24,0,12-25,
112460,2014/09/29 03:47,2014/09/29 03:50,2014/09/29 03:55,N07E00,C2.2,0,116,0,20,0,no,
112470,2014/09/29 05:34,2014/09/29 05:54,2014/09/29 06:05,N13E42,C5.4,-624,215,0,29,0,6-12,
112480,2014/09/29 08:16,2014/09/29 11:02,2014/09/29 11:26,S16W39,C2.1,579,-264,0,291,0,12-25,
112490,2014/09/29 15:02,2014/09/29 15:38,2014/09/29 16:30,S16W45,C2.1,651,-264,41,78,0,6-12,
112500,2014/09/29 17:44,2014/09/29 18:10,2014/09/29 19:18,S16W45,C2.2,651,-264,14,51,0,12-25,
112510,2014/09/29 19:42,2014/09/29 21:32,2014/09/29 22:55,S16W44,C3.3,639,-264,122,211,0,12-25,
112520,2014/09/30 04:10,2014/09/30 04:44,2014/09/30 05:10,S15W56,C2.6,767,-247,39,98,0,12-25,
112530,2014/10/01 02:40,2014/10/01 03:48,2014/10/01 03:06,S12W64,C6.7,842,-199,0,0,0,12-25,
112540,2014/10/02 17:10,2014/10/02 17:44,2014/10/02 18:15,S18W76,M1.5,884,-296,0,0,0,12-25,
112550,2014/10/02 18:49,2014/10/02 19:01,2014/10/02 19:14,S17W82,M7.3,908,-280,0,0,0,25-50,
112560,2014/10/02 22:51,2014/10/02 22:54,2014/10/02 22:56,N18E89,C3.6,-911,296,0,8,0,25-50,
112570,2014/10/03 00:05,2014/10/03 00:12,2014/10/03 00:08,S09W88,C3.2,949,-153,0,16,0,no,
112580,2014/10/03 02:57,2014/10/03 03:15,2014/10/03 03:04,S11W88,C5.7,948,-198,0,6,0,12-25,
112590,2014/10/03 03:58,2014/10/03 04:37,2014/10/03 04:20,S13W88,C5.7,933,-215,0,54,0,12-25,
112600,2014/10/03 06:36,2014/10/03 07:14,2014/10/03 06:48,S12W88,C9.0,947,-218,0,46,0,25-50,
112610,2014/10/03 08:17,2014/10/03 10:23,2014/10/03 09:29,S13W88,C1.3,939,-228,0,198,0,6-12,
112620,2014/10/03 10:41,2014/10/03 10:53,2014/10/03 10:46,S13W88,C2.2,945,-223,0,25,0,12-25,
112630,2014/10/03 11:41,2014/10/03 11:58,2014/10/03 11:48,S13W88,C2.5,941,-225,0,35,0,12-25,
112640,2014/10/03 22:07,2014/10/03 22:20,2014/10/03 22:15,S13W88,C1.9,948,-222,0,6,0,6-12,
112650,2014/10/04 00:54,2014/10/04 01:11,2014/10/04 01:02,S03W04,C1.7,72,-170,20,113,0,6-12,
112660,2014/10/04 02:10,2014/10/04 02:40,2014/10/04 02:24,S13W88,C1.4,945,-222,0,62,0,6-12,
112670,2014/10/04 06:48,2014/10/04 07:08,2014/10/04 06:58,N11E26,C1.0,-412,183,0,40,0,no,
112680,2014/10/04 10:16,2014/10/04 10:24,2014/10/04 10:21,S03W12,C1.4,213,-161,0,18,0,no,
112690,2014/10/05 09:32,2014/10/05 10:16,2014/10/05 09:54,S01W23,C1.0,374,-16,0,0,0,6-12,
112700,2014/10/05 12:11,2014/10/05 13:11,2014/10/05 12:35,S10W39,C1.0,607,-261,0,0,0,6-12,
112710,2014/10/05 13:19,2014/10/05 13:44,2014/10/05 13:35,S21E52,C1.2,-710,-415,0,0,0,12-25,
112720,2014/10/05 16:33,2014/10/05 17:05,2014/10/05 16:56,N09W52,C1.5,752,90,0,0,0,6-12,
112730,2014/10/06 00:01,2014/10/06 00:11,2014/10/06 00:06,S11W45,C1.2,650,-275,0,0,0,no,
112740,2014/10/06 15:44,2014/10/06 15:54,2014/10/06 15:49,S13W55,C1.7,762,-259,0,0,0,no,
112750,2014/10/06 16:35,2014/10/06 17:34,2014/10/06 17:07,S16E60,C3.0,-797,-327,0,0,0,12-25,
112760,2014/10/06 21:08,2014/10/06 21:41,2014/10/06 21:26,S12W56,C1.5,778,-268,0,0,0,6-12,
112770,2014/10/07 07:05,2014/10/07 07:17,2014/10/07 07:09,N15E44,B8.2,-656,158,0,0,0,6-12,
112780,2014/10/07 07:20,2014/10/07 07:32,2014/10/07 07:26,N15E44,C1.1,-650,156,0,0,0,12-25,
112790,2014/10/07 15:25,2014/10/07 15:42,2014/10/07 15:27,N15E39,B7.2,-605,157,0,0,0,6-12,
112800,2014/10/07 15:55,2014/10/07 16:04,2014/10/07 16:00,N14E38,C1.6,-593,149,0,0,0,no,
112810,2014/10/07 19:48,2014/10/07 20:07,2014/10/07 19:57,N14E36,C1.0,-560,147,0,0,0,12-25,
112820,2014/10/07 23:29,2014/10/07 23:40,2014/10/07 23:34,N14E35,C1.1,-531,145,0,0,0,no,
112830,2014/10/08 13:04,2014/10/08 13:20,2014/10/08 13:17,S16W32,C1.0,527,-322,0,31,0,3-6,
112840,2014/10/08 16:45,2014/10/08 16:56,2014/10/08 16:51,S17W38,C2.1,591,-338,0,22,0,12-25,
112850,2014/10/08 19:48,2014/10/08 19:58,2014/10/08 19:53,S17W41,C2.0,618,-335,0,9,0,3-6,
112860,2014/10/08 20:21,2014/10/08 20:34,2014/10/08 20:27,S15W42,C1.8,620,-337,0,0,0,no,
112870,2014/10/08 22:25,2014/10/08 23:03,2014/10/08 22:54,S14W43,C3.8,633,-343,0,0,1,3-6,
112880,2014/10/09 01:29,2014/10/09 02:17,2014/10/09 01:44,S15W45,M1.3,650,-337,0,0,0,25-50,20141009_0142
112890,2014/10/09 01:54,2014/10/09 02:02,2014/10/09 01:58,S16W45,M1.4,654,-338,0,0,0,25-50,
112900,2014/10/09 03:05,2014/10/09 03:39,2014/10/09 03:14,S15W45,C1.6,663,-339,0,0,0,6-12,
112910,2014/10/09 04:37,2014/10/09 04:48,2014/10/09 04:42,S16W46,C1.3,669,-343,0,0,0,6-12,
112920,2014/10/09 04:59,2014/10/09 05:17,2014/10/09 05:04,S16W46,C4.2,667,-333,0,0,0,25-50,
112930,2014/10/09 06:11,2014/10/09 06:18,2014/10/09 06:15,S19W46,C1.1,687,-336,0,0,0,no,
112940,2014/10/09 06:41,2014/10/09 07:21,2014/10/09 06:57,S16W46,M1.2,689,-336,0,156,0,25-50,
112950,2014/10/09 07:35,2014/10/09 07:51,2014/10/09 07:43,S18W46,C2.7,681,-332,0,26,0,no,
112960,2014/10/09 08:21,2014/10/09 09:37,2014/10/09 09:27,S16W48,C7.9,692,-330,0,111,1,6-12,
112970,2014/10/09 10:52,2014/10/09 10:57,2014/10/09 10:55,S19W50,C1.1,716,-326,0,18,0,6-12,
112980,2014/10/09 11:30,2014/10/09 11:49,2014/10/09 11:35,S15W48,B7.9,699,-320,0,67,0,6-12,
112990,2014/10/09 12:53,2014/10/09 13:20,2014/10/09 13:03,S19W51,C1.9,705,-312,0,53,0,12-25,
113000,2014/10/09 18:19,2014/10/09 18:31,2014/10/09 18:23,S16W53,C1.0,743,-324,0,26,0,no,
113010,2014/10/09 20:20,2014/10/09 20:25,2014/10/09 20:23,S02W87,B6.6,958,-42,0,0,0,12-25,
113020,2014/10/10 15:42,2014/10/10 18:21,2014/10/10 16:47,S20W51,C3.0,703,-398,0,0,1,3-6,
113030,2014/10/11 03:26,2014/10/11 04:25,2014/10/11 03:45,S13E88,B6.5,-960,-238,0,57,0,no,
113040,2014/10/11 23:04,2014/10/11 23:38,2014/10/11 23:23,S08E88,B9.5,-962,-151,0,66,0,6-12,
113050,2014/10/11 23:52,2014/10/12 00:29,2014/10/12 00:13,S08E88,C1.8,-969,-143,0,28,0,6-12,
113060,2014/10/12 02:30,2014/10/12 02:47,2014/10/12 02:40,S10E88,B6.2,-956,-180,0,7,0,6-12,
113070,2014/10/12 05:10,2014/10/12 05:21,2014/10/12 05:15,S11E88,C2.5,-950,-187,0,7,0,no,
113080,2014/10/12 06:19,2014/10/12 06:41,2014/10/12 06:37,S11E88,C1.7,-949,-187,0,14,0,no,
113090,2014/10/12 10:00,2014/10/12 10:19,2014/10/12 10:13,S11E86,B6.7,-941,-191,0,0,0,6-12,
113100,2014/10/13 22:42,2014/10/13 22:49,2014/10/13 22:45,S15W41,B6.3,620,-324,0,13,0,6-12,
113110,2014/10/14 18:21,2014/10/14 18:46,2014/10/14 18:37,S12E88,M1.1,-940,-200,0,124,0,12-25,
113120,2014/10/14 19:07,2014/10/15 00:19,2014/10/14 21:21,S11E88,M2.2,-943,-183,0,157,0,3-6,
113130,2014/10/16 07:31,2014/10/16 07:47,2014/10/16 07:37,S14E88,C7.7,-943,-246,0,73,0,12-25,
113140,2014/10/16 08:35,2014/10/16 09:44,2014/10/16 09:23,S11E88,C6.4,-968,-204,0,0,0,12-25,
113150,2014/10/16 12:58,2014/10/16 13:05,2014/10/16 13:03,S13E88,M4.3,-947,-224,0,0,0,50-100,
113160,2014/10/16 18:04,2014/10/16 18:17,2014/10/16 18:10,S15E88,C2.0,-939,-269,8,26,0,no,
113170,2014/10/16 23:34,2014/10/16 23:44,2014/10/16 23:38,S16E87,C2.9,-933,-285,0,0,0,no,
113180,2014/10/17 03:10,2014/10/17 03:33,2014/10/17 03:20,S17E87,C3.9,-928,-287,0,60,0,25-50,
113190,2014/10/17 04:55,2014/10/17 05:06,2014/10/17 05:00,S15E88,C6.6,-932,-269,80,73,0,12-25,20141017_0457
113200,2014/10/17 12:43,2014/10/17 12:56,2014/10/17 12:49,S13E88,C3.6,-940,-221,0,41,0,25-50,
113210,2014/10/17 15:34,2014/10/17 15:41,2014/10/17 15:39,S15E79,C6.7,-905,-249,15,15,0,25-50,
113220,2014/10/17 19:28,2014/10/17 19:36,2014/10/17 19:33,S12E73,C6.3,-892,-257,0,3,0,no,
113230,2014/10/17 20:43,2014/10/17 21:18,2014/10/17 21:12,S13E83,C2.3,-932,-228,0,30,0,12-25,
113240,2014/10/18 00:53,2014/10/18 01:15,2014/10/18 01:07,S12E80,C5.0,-926,-229,0,1,0,25-50,
113250,2014/10/18 06:43,2014/10/18 06:48,2014/10/18 06:46,S13E72,C3.7,-873,-261,0,14,0,no,
113260,2014/10/18 07:02,2014/10/18 08:49,2014/10/18 07:58,S13E71,M1.6,-887,-216,0,211,1,3-6,
113270,2014/10/18 13:01,2014/10/18 13:19,2014/10/18 13:15,S13E68,C2.6,-854,-274,0,52,0,3-6,
113280,2014/10/18 14:22,2014/10/18 14:28,2014/10/18 14:25,S17E67,C1.7,-847,-320,0,5,0,no,
113290,2014/10/18 15:59,2014/10/18 16:06,2014/10/18 16:03,S12E72,C2.6,-879,-239,9,14,0,no,
113300,2014/10/18 17:01,2014/10/18 17:07,2014/10/18 17:04,S12E70,C2.1,-881,-237,8,13,0,12-25,
113310,2014/10/18 17:09,2014/10/18 17:25,2014/10/18 17:15,S11E68,C2.7,-880,-224,19,27,0,25-50,
113320,2014/10/18 18:59,2014/10/18 19:33,2014/10/18 19:16,S16E66,C3.8,-848,-303,0,0,0,6-12,
113330,2014/10/18 19:54,2014/10/18 20:16,2014/10/18 20:06,S07E58,C6.7,-812,-181,0,0,0,12-25,
113340,2014/10/19 01:17,2014/10/19 03:25,2014/10/19 01:47,S12E65,C5.7,-860,-242,0,301,0,6-12,
113350,2014/10/19 04:17,2014/10/19 05:48,2014/10/19 05:03,S14E64,X1.1,-840,-276,0,502,0,6-12,
113360,2014/10/19 11:05,2014/10/19 11:25,2014/10/19 11:19,S09E59,C4.2,-789,-260,0,46,0,6-12,
113370,2014/10/19 12:08,2014/10/19 12:28,2014/10/19 12:14,S09E58,C5.8,-790,-258,0,16,0,25-50,
113380,2014/10/19 15:50,2014/10/19 16:04,2014/10/19 15:56,S16E52,C3.9,-734,-327,17,10,5,6-12,
113390,2014/10/19 17:30,2014/10/19 17:37,2014/10/19 17:34,S13E52,C4.7,-741,-275,9,9,0,no,
113400,2014/10/19 20:24,2014/10/19 20:29,2014/10/19 20:27,S13E50,C2.1,-728,-275,0,0,0,no,
113410,2014/10/19 23:54,2014/10/20 00:16,2014/10/20 00:10,S12E52,C2.5,-749,-258,0,17,0,12-25,
113420,2014/10/20 00:49,2014/10/20 00:56,2014/10/20 00:53,S13E50,C2.5,-719,-216,0,6,0,12-25,
113430,2014/10/20 01:58,2014/10/20 02:04,2014/10/20 02:01,S20E38,C2.8,-548,-377,0,8,0,12-25,
113440,2014/10/20 02:25,2014/10/20 02:32,2014/10/20 02:28,S17E46,C3.2,-641,-320,0,7,0,6-12,
113450,2014/10/20 03:32,2014/10/20 04:05,2014/10/20 03:57,S17E46,C5.4,-635,-318,0,127,0,25-50,
113460,2014/10/20 05:37,2014/10/20 06:09,2014/10/20 06:02,S17E50,C9.0,-683,-272,0,38,0,6-12,
113470,2014/10/20 09:00,2014/10/20 09:20,2014/10/20 09:11,S14E42,M3.9,-624,-338,0,4,0,no,
113480,2014/10/20 11:17,2014/10/20 11:39,2014/10/20 11:22,S11E45,C2.8,-659,-267,23,22,6,6-12,
113490,2014/10/20 13:58,2014/10/20 14:12,2014/10/20 14:01,S11E44,C2.7,-649,-259,15,19,0,no,
113500,2014/10/20 14:40,2014/10/20 14:47,2014/10/20 14:43,S15E38,C3.1,-557,-326,8,3,0,12-25,
113510,2014/10/20 14:58,2014/10/20 15:35,2014/10/20 15:00,S10E43,C8.6,-603,-304,36,205,0,25-50,
113520,2014/10/20 16:00,2014/10/20 16:55,2014/10/20 16:37,S14E37,M4.5,-597,-308,62,190,0,25-50,
113530,2014/10/20 18:43,2014/10/20 18:51,2014/10/20 18:47,S19E45,C6.2,-651,-374,9,51,0,no,
113540,2014/10/20 18:55,2014/10/20 19:04,2014/10/20 19:02,S15E46,M1.4,-670,-315,10,65,0,50-100,
113550,2014/10/20 19:53,2014/10/20 20:13,2014/10/20 20:04,S14E36,M1.7,-557,-317,21,101,0,25-50,
113560,2014/10/20 22:11,2014/10/21 00:07,2014/10/20 22:46,S14E36,M1.2,-557,-305,117,102,0,12-25,20141020_2246
113570,2014/10/21 02:12,2014/10/21 02:30,2014/10/21 02:20,S10E36,C4.2,-567,-251,19,21,0,25-50,
113580,2014/10/21 06:05,2014/10/21 06:21,2014/10/21 06:14,S11E31,C5.7,-536,-250,12,0,0,12-25,
113590,2014/10/21 06:53,2014/10/21 07:02,2014/10/21 06:57,S14E29,C2.9,-436,-326,10,0,0,6-12,
113600,2014/10/21 08:08,2014/10/21 08:12,2014/10/21 08:10,S08E28,C3.1,-469,-248,5,0,0,12-25,
113610,2014/10/21 10:46,2014/10/21 11:13,2014/10/21 10:58,N08E89,C6.3,-965,152,0,0,0,25-50,
113620,2014/10/21 12:25,2014/10/21 12:30,2014/10/21 12:28,S18E36,C4.4,-546,-366,52,42,0,25-50,
113630,2014/10/21 13:35,2014/10/21 13:40,2014/10/21 13:38,S14E35,M1.2,-548,-318,51,37,0,no,
113640,2014/10/21 19:03,2014/10/21 19:16,2014/10/21 19:10,S13E23,C4.0,-378,-299,15,44,5,12-25,
113650,2014/10/21 20:05,2014/10/21 20:41,2014/10/21 20:22,S16E25,C6.5,-456,-408,40,48,0,12-25,
113660,2014/10/21 21:54,2014/10/21 22:14,2014/10/21 22:04,S16E21,C3.4,-336,-353,23,46,7,12-25,
113670,2014/10/22 01:16,2014/10/22 02:28,2014/10/22 01:59,S13E21,M8.7,-349,-306,241,326,21,50-100,20141022_0139
113680,2014/10/22 05:11,2014/10/22 05:21,2014/10/22 05:17,S15E14,M2.7,-231,-336,12,23,0,12-25,20141022_0514
113690,2014/10/22 09:06,2014/10/22 09:19,2014/10/22 09:12,S16E12,C4.6,-198,-363,15,34,0,12-25,
113700,2014/10/22 12:00,2014/10/22 12:15,2014/10/22 12:05,S18E13,C3.2,-209,-386,89,73,6,6-12,
113710,2014/10/22 14:02,2014/10/22 22:30,2014/10/22 14:06,S14E13,X1.6,-225,-324,>999,>999,53,6-12,
113720,2014/10/22 15:51,2014/10/22 16:03,2014/10/22 15:57,S11E88,M1.4,-957,-196,0,0,0,25-50,
113730,2014/10/22 16:52,2014/10/22 17:03,2014/10/22 16:59,S19E17,C5.7,-267,-396,13,93,0,3-6,
113740,2014/10/22 21:02,2014/10/22 21:23,2014/10/22 21:16,S14E88,C6.5,-947,-249,0,44,0,3-6,
113750,2014/10/23 04:19,2014/10/23 04:42,2014/10/23 04:30,S13E06,C3.7,-102,-311,26,0,0,3-6,
113760,2014/10/23 07:02,2014/10/23 07:11,2014/10/23 07:05,S13E88,C1.8,-948,-227,0,20,0,no,
113770,2014/10/23 09:44,2014/10/23 09:56,2014/10/23 09:50,S16E03,M1.1,-63,-355,0,0,0,no,
113780,2014/10/23 15:20,2014/10/23 16:09,2014/10/23 15:39,S09E02,C4.6,29,-221,0,0,0,6-12,
113790,2014/10/23 17:39,2014/10/23 19:03,2014/10/23 17:52,S09E02,C5.9,17,-309,0,0,0,6-12,
113800,2014/10/23 19:11,2014/10/23 19:18,2014/10/23 19:15,S21E05,C3.3,-78,-345,0,0,0,no,
113810,2014/10/24 02:35,2014/10/24 02:48,2014/10/24 02:43,S20W02,C4.2,27,-407,15,103,0,12-25,
113820,2014/10/24 02:54,2014/10/24 03:05,2014/10/24 02:59,S20W02,C3.4,31,-329,13,36,0,12-25,
113830,2014/10/24 03:56,2014/10/24 04:02,2014/10/24 04:00,S22W00,C3.6,0,-361,8,0,0,6-12,
113840,2014/10/24 07:37,2014/10/24 07:53,2014/10/24 07:48,S19W05,M4.0,84,-408,19,0,0,50-100,
113850,2014/10/24 09:58,2014/10/24 10:04,2014/10/24 10:01,S14W07,C3.6,118,-320,8,0,0,3-6,
113860,2014/10/24 14:31,2014/10/24 15:54,2014/10/24 15:06,S16W15,C5.1,245,-353,78,145,7,12-25,
113870,2014/10/24 20:50,2014/10/25 00:14,2014/10/24 21:15,S16W21,X3.1,332,-265,220,592,0,12-25,
113880,2014/10/25 04:06,2014/10/25 04:17,2014/10/25 04:13,S07W24,C4.4,390,-230,0,0,0,6-12,20141025_0408
113890,2014/10/25 06:26,2014/10/25 09:35,2014/10/25 07:49,S14W23,C9.2,397,-342,209,426,0,12-25,
113900,2014/10/25 09:44,2014/10/25 09:55,2014/10/25 09:49,S11W22,C4.6,360,-276,13,9,0,no,
113910,2014/10/25 12:13,2014/10/25 12:25,2014/10/25 12:20,S13W22,C3.2,354,-297,15,32,5,25-50,
113920,2014/10/25 15:00,2014/10/25 15:08,2014/10/25 15:04,S13W23,C5.1,377,-308,10,22,4,25-50,
113930,2014/10/25 15:44,2014/10/25 16:15,2014/10/25 15:52,S14W23,C9.7,380,-308,35,23,8,6-12,
113940,2014/10/25 16:55,2014/10/25 18:11,2014/10/25 17:08,S10W22,X1.0,365,-251,194,208,1,12-25,
113950,2014/10/25 23:20,2014/10/25 23:36,2014/10/25 23:26,S13W28,C8.4,444,-305,0,0,0,25-50,20141025_2322
113960,2014/10/26 01:08,2014/10/26 01:27,2014/10/26 01:13,S14W29,C3.1,457,-308,22,48,7,no,20141026_0111
113970,2014/10/26 05:09,2014/10/26 05:19,2014/10/26 05:13,S14W30,C2.8,483,-301,12,28,1,12-25,
113980,2014/10/26 05:45,2014/10/26 05:55,2014/10/26 05:50,S14W30,C4.0,486,-303,2,14,0,25-50,
113990,2014/10/26 06:13,2014/10/26 06:57,2014/10/26 06:19,S15W36,C9.5,494,-305,0,2,0,12-25,20141026_0619
114000,2014/10/26 10:04,2014/10/26 11:18,2014/10/26 10:56,S18W40,X2.0,569,-309,121,344,16,6-12,
114010,2014/10/26 13:03,2014/10/26 15:02,2014/10/26 13:07,S18W40,C9.2,544,-297,122,278,32,6-12,
114020,2014/10/26 15:10,2014/10/26 15:35,2014/10/26 15:16,S17W40,C5.2,632,-327,28,70,7,25-50,
114030,2014/10/26 15:52,2014/10/26 16:00,2014/10/26 15:56,S13W39,C3.5,601,-283,0,0,0,25-50,
114040,2014/10/26 16:12,2014/10/26 16:22,2014/10/26 16:17,N02W79,C5.3,954,46,0,0,0,12-25,
114050,2014/10/26 17:08,2014/10/26 17:30,2014/10/26 17:17,S13W38,M1.0,588,-290,25,55,2,12-25,
114060,2014/10/26 17:55,2014/10/26 18:05,2014/10/26 17:59,S14W38,C7.8,578,-297,10,38,0,25-50,
114070,2014/10/26 18:07,2014/10/26 18:20,2014/10/26 18:15,S14W37,M4.2,577,-300,16,0,0,50-100,
114080,2014/10/26 18:43,2014/10/26 18:56,2014/10/26 18:49,S13W38,M1.9,587,-295,15,31,2,12-25,
114090,2014/10/26 19:59,2014/10/26 20:45,2014/10/26 20:21,S15W45,M2.4,659,-318,170,159,0,12-25,
114100,2014/10/26 21:47,2014/10/26 22:13,2014/10/26 21:59,S14W43,C8.3,643,-303,25,51,5,12-25,
114110,2014/10/27 00:01,2014/10/27 10:22,2014/10/27 00:25,S14W44,M7.1,641,-266,0,0,65,25-50,20141027_0004
114120,2014/10/27 01:44,2014/10/27 02:11,2014/10/27 02:02,S13W45,M1.0,674,-283,31,33,8,12-25,20141027_0202
114130,2014/10/27 03:35,2014/10/27 03:48,2014/10/27 03:41,S13W45,M1.3,669,-286,15,0,5,25-50,
114140,2014/10/27 05:01,2014/10/27 05:11,2014/10/27 05:04,S13W44,C3.4,662,-288,12,8,4,25-50,20141027_0502
114150,2014/10/27 05:21,2014/10/27 05:47,2014/10/27 05:38,S16W50,C4.9,711,-321,99,67,3,12-25,
114160,2014/10/27 06:56,2014/10/27 07:07,2014/10/27 07:01,S14W46,C9.6,683,-295,0,0,0,25-50,
114170,2014/10/27 07:11,2014/10/27 07:20,2014/10/27 07:15,S13W46,C9.6,675,-287,73,57,1,no,
114180,2014/10/27 09:59,2014/10/27 10:26,2014/10/27 10:09,S15W51,M6.7,726,-306,0,0,0,25-50,
114190,2014/10/27 14:04,2014/10/27 15:31,2014/10/27 14:23,S17W52,X2.0,771,-352,222,422,26,3-6,
114200,2014/10/27 17:33,2014/10/27 17:47,2014/10/27 17:40,S21W51,M1.4,700,-346,17,117,0,25-50,
114210,2014/10/27 21:16,2014/10/27 21:30,2014/10/27 21:23,S13W53,C5.4,756,-271,15,35,1,no,
114220,2014/10/27 22:59,2014/10/27 23:16,2014/10/27 23:04,S12W53,C4.6,764,-269,19,43,2,no,20141027_2301
114230,2014/10/28 02:15,2014/10/28 03:08,2014/10/28 02:42,S14W61,M3.4,837,-318,192,169,2,25-50,20141028_0217
114240,2014/10/28 03:23,2014/10/28 03:41,2014/10/28 03:32,S14W61,M6.6,819,-233,21,46,3,25-50,20141028_0327
114250,2014/10/28 05:46,2014/10/28 06:18,2014/10/28 06:01,S15W63,C4.2,789,-242,0,73,0,12-25,20141028_0557
114260,2014/10/28 08:20,2014/10/28 08:28,2014/10/28 08:24,S22W63,C6.5,803,-363,9,0,0,25-50,
114270,2014/10/28 11:02,2014/10/28 11:16,2014/10/28 11:05,S17W62,C5.3,818,-300,16,22,2,6-12,
114280,2014/10/28 13:54,2014/10/28 14:23,2014/10/28 14:06,S18W72,M1.6,890,-304,0,29,0,25-50,
114290,2014/10/29 03:10,2014/10/29 03:17,2014/10/29 03:14,S19W72,C3.3,866,-347,9,0,1,12-25,20141029_0313
114300,2014/10/29 03:29,2014/10/29 04:19,2014/10/29 03:58,S13W72,C8.4,908,-294,0,174,6,3-6,20141029_0339
114310,2014/10/29 06:03,2014/10/29 08:52,2014/10/29 08:20,S14W77,M1.0,912,-259,0,550,2,6-12,
114320,2014/10/29 09:54,2014/10/29 10:06,2014/10/29 10:01,S18W77,M1.2,893,-327,160,93,0,no,
114330,2014/10/29 13:55,2014/10/29 14:03,2014/10/29 14:00,S14W75,C5.5,906,-252,45,28,1,12-25,
114340,2014/10/29 14:19,2014/10/29 15:07,2014/10/29 15:00,S16W81,M1.4,916,-242,245,0,2,12-25,
114350,2014/10/29 16:06,2014/10/29 16:33,2014/10/29 16:20,S14W82,M1.0,927,-249,140,0,2,12-25,
114360,2014/10/29 18:47,2014/10/29 18:52,2014/10/29 18:50,S13W77,M1.3,918,-240,30,0,1,50-100,
114370,2014/10/29 19:31,2014/10/29 19:46,2014/10/29 19:38,S08W89,C6.8,964,-142,0,0,0,12-25,
114380,2014/10/29 21:18,2014/10/29 21:25,2014/10/29 21:22,S09W88,M2.3,966,-164,0,0,1,25-50,
114390,2014/10/29 23:00,2014/10/29 23:08,2014/10/29 23:03,S14W86,C2.7,931,-251,45,0,1,12-25,20141029_2301
114400,2014/10/29 23:19,2014/10/29 23:33,2014/10/29 23:25,S14W88,C3.6,939,-246,75,0,6,12-25,
114410,2014/10/29 23:54,2014/10/30 00:24,2014/10/30 00:11,S13W88,C7.1,958,-232,155,0,0,12-25,
114420,2014/10/30 00:34,2014/10/30 00:40,2014/10/30 00:37,S14W81,M1.3,927,-243,35,0,3,100-300,20141030_0035
114430,2014/10/30 01:19,2014/10/30 01:56,2014/10/30 01:35,S14W88,M3.5,941,-245,190,0,12,25-50,20141030_0128
114440,2014/10/30 04:17,2014/10/30 04:36,2014/10/30 04:28,S16W89,M1.2,928,-266,100,0,0,25-50,
114450,2014/10/30 05:42,2014/10/30 05:49,2014/10/30 05:46,S14W88,C3.5,936,-240,40,0,0,12-25,
114460,2014/10/30 12:37,2014/10/30 12:52,2014/10/30 12:44,S13W88,C2.9,948,-237,28,0,2,12-25,
114470,2014/10/30 13:04,2014/10/30 13:17,2014/10/30 13:12,S04E70,C6.9,-909,-107,0,0,0,12-25,
114480,2014/10/30 15:06,2014/10/30 15:14,2014/10/30 15:09,S04E71,C2.3,-910,-117,0,0,0,25-50,
114490,2014/10/30 15:21,2014/10/30 15:55,2014/10/30 15:42,S13W88,C9.7,952,-232,59,0,2,12-25,
114500,2014/10/30 17:53,2014/10/30 18:01,2014/10/30 17:58,S05E70,C3.4,-897,-123,0,0,0,12-25,
114510,2014/10/30 22:54,2014/10/30 23:05,2014/10/30 23:01,S06E66,C4.8,-877,-118,0,0,0,25-50,
114520,2014/10/31 00:32,2014/10/31 01:41,2014/10/31 01:01,S15W88,C8.2,947,-261,138,0,21,25-50,
114530,2014/10/31 08:21,2014/10/31 08:29,2014/10/31 08:25,S05E59,C2.3,-833,-120,0,0,0,3-6,
114540,2014/10/31 09:19,2014/10/31 09:27,2014/10/31 09:23,S05E57,C2.0,-823,-119,0,0,0,no,